,word
李多慧,659
啦啦隊,442
台灣,404
樂天,291
韓國,256
林襄,157
女孩,143
李多惠,120
跳舞,99
八卦,89
粉絲,85
看到,85
女神,81
媒體,80
舞蹈,80
影片,75
加入,70
人氣,69
桃猿,67
多慧,66
應援,63
今天,54
成員,52
記者,50
球迷,50
身材,49
網友,48
南韓,45
來台,42
球場,41
一堆,38
Rakuten,38
棒球,38
表示,37
Girls,36
高虹安,35
發現,33
台女,33
登場,33
剛剛,32
喜歡,32
中職,31
IG,31
女生,31
今年,31
實力,30
可愛,30
桃園,30
職棒,30
啦啦隊員,30
女團,29
一直,29
洋將,29
討論,29
日本,29
加盟,29
發展,28
霸凌,28
好像,28
學姊,27
照片,27
這種,27
宣布,27
表演,27
希望,26
多惠,25
球員,25
比賽,25
最近,25
鄉民,24
一點,24
直接,23
昨天,23
起亞虎,23
支持,23
關注,22
肥宅,22
藝人,22
認為,22
韓職,21
厲害,21
主場,21
文章,21
期待,21
球團,21
阿肥,20
那種,20
擔任,20
想到,20
Lee,20
最後,19
Dahye,19
兩人,19
等級,19
最頂,19
留言,18
問題,18
背號,18
工作,18
邀請,18
選擇,18
曝光,18
30,18
成為,18
兩個,18
中信,18
快樂,18
之後,17
明顯,17
球隊,17
老婆,17
活動,17
重磅,17
台灣人,17
笑容,17
日前,17
透露,17
年輕,17
學妹,17
多會,17
學姐,16
屁股,16
機會,16
舞技,16
進場,16
關係,16
掀起,16
吸引,16
時間,16
好看,16
加油,16
中文,16
熱舞,16
以前,15
每個,15
排擠,15
練習生,15
漂亮,15
要來,15
練舞,15
突然,15
頻道,15
引起,15
對此,15
籃籃,15
聽說,15
魔獸,15
鏡頭,15
棒球場,15
分享,15
很會,15
合作,15
準備,15
大砲,14
現場,14
消息,14
魅力,14
公司,14
戴口罩,14
發文,14
夜市,14
圈圈,14
甜美,14
節目,14
兄弟,14
隊友,14
變成,14
牛仔褲,14
正式,14
33,14
世界,14
轉發,14
明星,14
完全,14
美女,13
人數,13
穿著,13
話題,13
好奇,13
旗下,13
看完,13
本來,13
台韓,13
制服,13
口罩,13
還好,13
中心,13
中華職棒,13
接受,13
幾個,13
參加,12
看看,12
團隊,12
顏值,12
動態,12
動作,12
能夠,12
看過,12
緊身,12
認識,12
團體,12
網路,12
一場,12
韓國人,12
19,12
性感,11
外表,11
旁邊,11
成功,11
這幾天,11
回應,11
經典賽,11
追蹤,11
風采,11
館長,11
水準,11
小優,11
隨便,11
隊長,11
擁有,11
展現,11
去年,11
朋友,11
不錯,11
浦韋青,11
太多,11
想要,11
先前,11
下面,10
好可愛,10
長相,10
引發,10
女孩兒,10
繼續,10
虹安,10
故事,10
開心,10
一次,10
遇到,10
版面,10
Yuri,10
驚人,10
拍照,10
海外,10
籃球,10
相信,10
旋風,10
尤其,10
領隊,10
重要,10
無法,10
適合,10
需要,10
今日,10
17,10
熱議,10
拉拉,10
爆紅,10
慈妹,10
看球,10
生活,10
代表,10
身高,10
不用,10
未來,10
關心,10
最強,10
職業,10
莎莎,10
互動,10
臉蛋,10
扭腰,9
觀看,9
表情,9
實在,9
好了,9
陳子豪,9
滿滿,9
經紀人,9
超強,9
女人,9
代言,9
炸裂,9
同台,9
事情,9
見面,9
反正,9
兩位,9
欺負,9
團員,9
原來,9
歡迎,9
小妹,9
韓籍,9
畫面,9
消失,9
這位,9
真心,9
隊員,9
來到,9
興奮,9
平常,9
特別,9
手機,9
全台,9
超會,9
簽下,9
外援,9
氣質,9
眼睛,9
下去,9
方面,9
感到,9
黑色,9
重點,9
男生,9
律師,9
初登板,9
決定,9
提供,9
透過,9
專業,9
貼文,9
限時,9
中國,9
打算,8
BLACKPINK,8
QQ,8
奶茶,8
24,8
萬人,8
簡單,8
多久,8
家人,8
身體,8
結束,8
認真,8
ig,8
演唱會,8
襄襄,8
過去,8
努力,8
迎來,8
大腿,8
應援舞,8
企鵝,8
表現,8
流量,8
下午,8
退團,8
16,8
珍珠,8
搭配,8
程度,8
還在,8
經紀,8
味全龍,8
男性,8
只能,8
年紀,8
出生,8
提到,8
造成,8
知名,8
一位,8
雙方,8
觀眾,8
李昀,8
底子,8
謝謝,8
凱伊,8
溫妮,8
演出,8
裡面,8
出現,8
意思,8
男人,8
運動,8
妹子,8
健康操,8
禮拜,8
登上,8
跨海,8
直播,8
新聞網,8
亞洲,8
相關,8
舞台,8
地位,8
本土,8
真實,8
國家,8
整個,8
碾壓,7
80,7
安安,7
本質,7
強調,7
尊重,7
明明,7
語言,7
生日,7
高雄,7
意外,7
確實,7
貼出,7
禹菡,7
習近平,7
擺臀,7
知名度,7
預計,7
82,7
地方,7
則是,7
李明,7
近日,7
只會,7
導致,7
沒想到,7
有掛,7
12,7
藍藍,7
介紹,7
學習,7
文化,7
夥伴,7
有夠,7
離開,7
位置,7
拿來,7
女友,7
短短,7
嘴巴,7
外國人,7
那麼多,7
超過,7
空降,7
熱情,7
國際,7
周子瑜,7
球賽,7
得罪,7
感受,7
演藝圈,7
台北,7
keys,7
匿名,7
限動,7
15,7
眼神,7
欣賞,7
回來,7
能力,7
抵達,7
問到,7
22,7
同一,7
原因,7
身為,7
愛莉,7
美國,7
PO,7
發生,7
長高,7
公布,7
新竹市,7
大物,7
市長,6
總監,6
接近,6
了解,6
職籃,6
號稱,6
東西,6
50,6
操作,6
如出一轍,6
終於,6
相機,6
廠商,6
情況,6
陣容,6
路線,6
出道,6
琳妲,6
融化,6
露出,6
累積,6
過譽,6
歐巴,6
差距,6
搶走,6
可惜,6
肯定,6
不爽,6
記者會,6
抽菸,6
轟動,6
32,6
練習,6
臺灣,6
提升,6
Kira,6
體育,6
看多,6
孟潔,6
親切,6
大人,6
網羅,6
發電,6
群組,6
週五,6
堅持,6
兩國,6
領域,6
見到,6
見后,6
似乎,6
還可以,6
嚇壞,6
愛心,6
身穿,6
請問,6
PTT,6
首秀,6
秀出,6
桃猿隊,6
抵台,6
PR,6
梁赫群,6
也許,6
Attenti,6
說真的,6
整形,6
個性,6
證明,6
容易,6
身邊,6
主角,6
交往,6
小心,6
表達,6
po,6
邀約,6
不像,6
去當,6
21,6
近期,6
菜鳥,6
馬達,6
粉專,6
外貌,6
票房,6
以外,6
蓋過,6
中場,6
到場,6
震撼,6
無敵,6
算是,6
沒什麼,6
觀眾席,6
很紅,6
持續,6
肢體,6
唯一,6
正常,6
啦啦隊長,6
女性,6
公關,6
樣子,6
阿姨,6
男朋友,6
YT,6
定居,6
賣力,6
土風舞,5
頭髮,5
上班,5
發言,5
眾多,5
民眾,5
高虹,5
未滿,5
一團,5
經驗,5
學長,5
ptt,5
幸運,5
政治,5
律動,5
一波,5
不正,5
瘋狂,5
當天,5
aka,5
登台,5
告訴,5
友善,5
每天,5
公開,5
夜店,5
觀光,5
一群,5
畢業,5
姐姐,5
回不去,5
到時候,5
物價,5
政府,5
處男,5
肥肥,5
更多,5
廣告,5
衣服,5
收到,5
對抗,5
上面,5
辦法,5
當成,5
自由時報,5
直呼,5
寶貝,5
男友,5
這麼多,5
小弟,5
薪水,5
還沒,5
拍子,5
女朋友,5
力道,5
只好,5
名單,5
音樂,5
後面,5
將在,5
林婷,5
所謂,5
那一,5
離職,5
36,5
天王,5
外型,5
合照,5
娛樂,5
棒球隊,5
之下,5
晚安,5
團長,5
老實說,5
擔心,5
復健,5
開訓,5
165,5
想必,5
追求,5
活力,5
一日,5
最愛,5
訪問,5
天花板,5
紛紛,5
斗內,5
韓妹,5
幹嘛,5
大咖,5
天團,5
周年,5
澄清,5
同樣,5
建議,5
整團,5
放電,5
前幾天,5
片段,5
焦點,5
最紅,5
更新,5
有多會,5
主義,5
帶來,5
1999,5
66,5
正妹,5
同隊,5
兩大,5
平均,5
分析,5
小孩,5
道歉,5
大批,5
晚上,5
事實,5
18,5
官方,5
通常,5
綜藝,5
細節,5
市場,5
心裡,5
回事,5
以後,5
競爭,5
接觸,5
注意,5
看法,5
週六,5
前面,5
不行,5
直言,5
魔鬼,5
優點,4
跳健康操,4
意淫,4
責任,4
很會搖,4
三場,4
內鬥,4
球衣,4
現實,4
曬出,4
交流,4
外星人,4
推薦,4
短今,4
不高,4
至少,4
背景,4
一看,4
批評,4
脫下,4
吸走,4
MLB,4
號的,4
景點,4
主持,4
電臀,4
年輕版,4
跳得,4
熱門,4
標準,4
小朋友,4
角度,4
相處,4
尚書,4
時期,4
不信,4
便當,4
點名,4
台積電,4
服裝,4
大量,4
全場,4
排班,4
溝通,4
最大,4
聽過,4
禮貌,4
25,4
進入,4
說明,4
彩香,4
節奏,4
中時,4
興趣,4
聊天,4
反應,4
挑戰,4
亮相,4
舞步,4
眼紅,4
號碼,4
足球隊,4
兩地,4
瞬間,4
天氣,4
退伍,4
答案,4
舒服,4
跑去,4
甜笑,4
88,4
史上,4
還不,4
排妹,4
球季,4
角色,4
臉書,4
貼貼,4
刺青,4
激烈,4
忘記,4
狒狒,4
社群,4
心韻,4
上傳,4
攝影,4
幸福,4
New,4
外界,4
Jeans,4
83,4
意見,4
林智群,4
有無,4
打招呼,4
降臨,4
社會,4
同事,4
要不要,4
統一,4
真正,4
幾年,4
放大,4
想法,4
引爆,4
買菸,4
隨即,4
有錢,4
不輸,4
整天,4
文明,4
絲襪,4
在場,4
環境,4
帳號,4
頂級,4
專訪,4
比不上,4
背後,4
想像,4
剛來,4
歐膩,4
班表,4
意義,4
皮膚,4
Irene,4
全州,4
企業,4
印象,4
退出,4
LINE,4
海放,4
嚴重,4
等於,4
臭豆腐,4
走到,4
傳出,4
配合,4
單眼,4
KPOP,4
聯名,4
WBC,4
待在,4
相似,4
重視,4
幾歲,4
隔天,4
狀況,4
一張,4
得到,4
SMA3460,4
穿搭,4
小時,4
日子,4
現役,4
兩邊,4
輸給,4
想當,4
1990,4
不敢,4
類型,4
普通,4
推文,4
庫存,4
開打,4
專屬,4
Instagram,4
符合,4
曉得,4
有什麼,4
民視,4
笑死,4
情人節,4
維護,4
還被,4
一口氣,4
幾天,4
店長,4
忍不住,4
有名,4
只見,4
刺激,4
同學,4
吳政,4
原芯,4
韓女,4
一大堆,4
買單,4
朝聖,4
舞風,4
檔次,4
原欣妤,4
不看,4
有個,4
買票,4
中年,4
面對,4
新球季,4
物化,4
條件,4
副隊長,4
反觀,4
菲菲,4
一篇,4
八卦版,4
舉行,4
階段,4
小籠包,4
感謝,4
問卦,4
可怕,4
輕鬆,4
高中,4
俏皮,4
全猿,4
跳到,4
沒人,4
新高,4
寫下,4
產生,4
舞者,4
包含,4
宅男,4
取代,4
開朗,4
特地,4
回到,4
芯芷軒,4
會有,4
陣子,3
難過,3
成軍,3
好歹,3
一睹,3
奇怪,3
吱吱,3
上衣,3
廣大,3
所有人,3
戰略,3
ASUS,3
暴動,3
中方,3
賺錢,3
和尚,3
不可能,3
我要,3
對著,3
纖細,3
體會,3
馬方,3
單場,3
戲劇,3
打爆,3
有趣,3
Sisters,3
馬來西亞,3
戰爭,3
之外,3
唱歌,3
李芷,3
選手,3
剛看,3
功力,3
中共,3
yo,3
驚艷,3
永遠,3
軍事,3
韓團,3
將於,3
Gossiping,3
Passi,3
一段,3
氣勢,3
精湛,3
DJ,3
金寶,3
陣營,3
思維,3
冷戰,3
依舊,3
搞笑,3
抵制,3
13,3
堅決,3
新血,3
初心,3
八卦板,3
訓練,3
看得,3
堅守,3
腋下,3
高齡,3
97,3
水漲船高,3
上漲,3
花錢,3
有著,3
蔓蔓,3
夏威夷,3
電價,3
核能,3
萬至,3
全世界,3
過程,3
後續,3
身分,3
火力,3
最高,3
受訪,3
演藝,3
廢文,3
願意,3
五月天,3
太好,3
方式,3
妹妹,3
不斷,3
笑說,3
Youtuber,3
鄭家純,3
比例,3
專家,3
辣個,3
看台,3
觀察,3
猴子,3
辛苦,3
國內,3
BePTT,3
水桶,3
中文字,3
繁體,3
刷新,3
丹丹,3
女子,3
足球場,3
想問,3
碰面,3
年初,3
熱潮,3
歷史,3
稱讚,3
230,3
影響,3
大哥,3
理解,3
太紅,3
左右,3
暴漲,3
蟻人,3
內容,3
贊成,3
風氣,3
會想,3
Toys,3
熱烈,3
限定店,3
人偶,3
各式各樣,3
珍藏,3
融入,3
大啖,3
還說,3
電影,3
IU,3
一名,3
再度,3
台幣,3
待遇,3
編輯,3
TVBS,3
差異,3
迎接,3
功課,3
登等,3
一級,3
視訊,3
東南亞,3
名人,3
香味,3
一模一樣,3
歐美,3
我婆,3
一種,3
正在,3
全面,3
後天,3
基礎,3
到位,3
聯盟,3
氣球,3
最棒,3
肚皮舞,3
疫情,3
獲得,3
到來,3
屁屁,3
有多少,3
拍到,3
跟林襄,3
日來,3
記住,3
那位,3
紅到,3
驚喜,3
苦練,3
連跳,3
指標,3
老公,3
最終,3
林香,3
稍微,3
輔助,3
火山,3
孝子,3
yt,3
顏色,3
看得出來,3
握手,3
乳題,3
最正,3
明天,3
喜歡上,3
版上,3
孩子,3
技巧,3
大谷翔平,3
身旁,3
芷軒,3
今晚,3
最多,3
底下,3
面試官,3
肥仔,3
軒心韻,3
迷弟,3
封號,3
選進,3
徵選會,3
處於,3
連續,3
包括,3
通通,3
甜蜜,3
親和力,3
美人,3
公分,3
現代,3
KIA,3
嘲諷,3
學生,3
近距離,3
NBA,3
巨星,3
還沒見,3
26,3
單身,3
拜碼頭,3
想想,3
檯面,3
造訪,3
地球人,3
緊張,3
這樣子,3
日常,3
首次,3
機票,3
超高,3
韓文,3
記得,3
生氣,3
本體,3
Asus,3
面前,3
鋼鐵人,3
很久,3
JISOO,3
沒關係,3
loadinglazy,3
alt,3
立場,3
AV,3
很騷,3
帶動,3
品嘗,3
認同,3
下巴,3
靠奶,3
鼻子,3
會給,3
解釋,3
造型師,3
找錢,3
年齡,3
這篇,3
聽到,3
狂拍,3
進軍,3
賣點,3
棒球迷,3
評價,3
吃飯,3
老漢,3
瘋傳,3
保持,3
打擾,3
高腰,3
習慣,3
新人,3
機靈,3
穿上,3
祝福,3
輸球,3
幫忙,3
失敗,3
自卑,3
美照,3
一天,3
請到,3
山君,3
找到,3
寫道,3
開球,3
巨乳,3
美食,3
身上,3
70,3
眾所皆知,3
自信,3
跟風,3
鯰魚,3
不足,3
髮香,3
吹捧,3
第一天,3
過度,3
草皮,3
出征,3
態度,3
有所,3
三天,3
一周,3
對手,3
壓力,3
找個,3
安樂,3
天高虹安,3
處理,3
漫畫,3
寬鬆,3
gif,3
女權,3
地主之誼,3
住宿,3
娶到,3
這也,3
行銷,3
前輩,3
回去,3
yuri,3
保證,3
晚間,3
幼幼,3
一姐,3
職場,3
截圖,3
出場,3
可憐,3
地步,3
大勝,3
注定,3
點閱,3
靈魂,3
小小,3
路人,3
小襄,3
討厭,3
攝影師,3
Realme,3
不見,3
浪費,3
高興,3
白色,3
舉手,3
我會,3
製作人,3
中文系,3
形容,3
三個,3
多慧來,3
聚集,3
打給,3
密碼,3
遊戲,3
翁滋蔓,3
次來,3
食物,3
搭檔,3
自然,3
政策,3
上任,3
參考,3
名字,3
發表,3
激動,3
元氣,3
歌聲,3
相似度,3
一想,3
封面,3
這張,3
安排,3
雜誌,3
機場,3
選一個,3
品嚐,3
小吃,3
神似,3
小S,3
可說,3
找來,3
各國,3
共同,3
承認,3
心碎,3
全球,3
崛起,3
來個,3
鞠躬,3
位數,3
告白,3
子瑜,3
水管,3
BANG,3
長大,3
秘訣,3
34,3
萬元,3
選舉,3
流出,3
對決,3
日首次,3
ettoday2,3
出席,3
這兩位,3
推進,3
一戰,3
怎看,3
招牌,3
巫苡,3
翻攝,3
筱晴,3
房子,3
一路,3
堅定,3
搞不好,3
一圈,3
時機,3
在內,3
當作,3
感情,3
過多,3
曾經,3
愛情,3
上場,3
第二張,3
28,3
逐漸,3
可悲,3
限制,3
陪伴,3
沈玉琳,3
飛機,3
帝王,3
十元,2
品牌,2
拿出,2
味道,2
腥風血雨,2
洗成,2
60,2
原文,2
比下去,2
一陣,2
數學,2
深入,2
分鐘,2
生硬,2
經理,2
青春,2
火速,2
外籍,2
前往,2
全糖,2
給點,2
草坪,2
聞到,2
餘震,2
HFL,2
不挺,2
主唱,2
報成,2
黑龍,2
性別,2
從事,2
近年,2
發送,2
光波,2
看板,2
這一,2
不愧,2
許久,2
舉辦,2
林偉,2
超美,2
線條,2
也將,2
賽前,2
一同,2
好喝,2
活潑,2
跳成,2
鳳梨酥,2
考慮,2
沒班,2
煎餃,2
識貨,2
國際級,2
體態,2
說出來,2
作品,2
日初,2
英語,2
千人,2
中職史,2
瀏海,2
目光,2
RMX3231,2
曲羿,2
做出,2
笑起來,2
年度,2
遭遇,2
法拉利,2
一部,2
所屬,2
簽書會,2
0828,2
悶熱,2
慧慧,2
鎖定,2
無奈,2
一一,2
帥哥,2
她當,2
問問,2
高矮,2
胖瘦,2
腿肉,2
時常,2
平台,2
YURI,2
迷哥,2
場邊,2
韓國女,2
本魯,2
48,2
230317,2
來賓,2
Hot,2
即時,2
印度,2
Rina,2
引進,2
吳宣萱,2
高一,2
酬勞,2
擴增,2
空氣,2
新垣結衣,2
手裡,2
現身,2
下班,2
大聲,2
見王,2
比林,2
螞蟻,2
典禮,2
紫庭,2
看點,2
iPad,2
沒一個,2
一片,2
留言區,2
東森,2
李多,2
挖角,2
犯下,2
早期,2
講的,2
蠻會,2
偏頗,2
怎會,2
中壢,2
羞愧,2
舞姿,2
慢慢,2
一字,2
dahye,2
核電,2
睡覺,2
你會選,2
燒滿,2
到家裡,2
大讚,2
言論,2
le,2
綠能,2
大腸,2
專業度,2
很醜,2
對不起,2
滿分,2
皮蛋,2
越來越,2
自己人,2
拔瓜,2
燒好,2
豬哥,2
輾壓,2
當年,2
這波,2
崩潰,2
Twice,2
公益,2
韓元,2
那天,2
熱愛,2
BP,2
幾分,2
犧牲,2
因素,2
35,2
左邊,2
奇才,2
8562,2
打造,2
年代,2
反核,2
遊行,2
真相,2
下來,2
而成,2
張良,2
笑成,2
場合,2
整齊,2
79,2
資料,2
事物,2
王牌,2
出眾,2
momo,2
有目共睹,2
轉戰,2
人員,2
84,2
曲線,2
迷你裙,2
化身為,2
輩子,2
元至,2
多少會,2
選林襄,2
摩拳擦掌,2
能源,2
單方面,2
內幕,2
年輕人,2
先去,2
配上,2
複雜,2
增加,2
高弘安,2
吸睛,2
風格,2
襄是,2
馬尾,2
模特兒,2
初戀,2
汙染,2
國民,2
經歷,2
機率,2
勉強,2
弟弟,2
第二,2
哈韓,2
相同,2
投票,2
加進,2
幾次,2
資訊,2
乾脆,2
剛從,2
發電量,2
嘗試,2
達到,2
巔峰,2
拍多慧,2
嚇了,2
了還,2
沒話,2
前進,2
思考,2
暴增,2
青蛙,2
Velvet,2
意識,2
過來,2
好朋友,2
後援會,2
居多,2
傳媒,2
蒐集,2
傲人,2
搶先,2
能量,2
林襄則,2
贏過,2
坦言,2
就連,2
按讚,2
拿下,2
好市,2
備受,2
換上,2
風向,2
醜死,2
嚇到,2
塑膠味,2
配不上,2
短版,2
尷尬,2
好笑,2
發光,2
理想型,2
雜魚,2
開季,2
Nownews2,2
過分,2
專注,2
冰冰,2
微笑,2
Goat,2
收入,2
白冰冰,2
熄菸,2
煙灰缸,2
蠻腰,2
抽完,2
大谷,2
塑噓,2
次見,2
領袖,2
還用,2
門票,2
首長,2
好長,2
燒肉,2
暫停,2
給人,2
蓋布袋,2
很頂,2
野獸國,2
二伯,2
想起,2
沒錯,2
整型,2
進步,2
這兩個,2
補充,2
ps,2
賣萌,2
負了,2
說話,2
就問,2
昨晚,2
塑化劑,2
初次,2
淹水,2
國外,2
害羞,2
放屁,2
夜店咖,2
出賽,2
負責,2
則說,2
大叔,2
智障,2
身段,2
沒報,2
報到,2
有限,2
安是,2
眾人,2
完美,2
照顧,2
評論,2
橋本環奈,2
利益,2
化裝,2
水平,2
健身,2
開放,2
襄煙,2
破百,2
首度,2
經濟,2
負面,2
外拍,2
多邊,2
主觀,2
深化,2
之間,2
政黨,2
東亞,2
否認,2
台大,2
中馬,2
地區,2
人生地不熟,2
大陸,2
東協,2
重金,2
多到,2
自主,2
提出,2
建設,2
一道,2
加強,2
寫真,2
笑笑,2
首相,2
受益,2
貢獻,2
泱泱,2
排練,2
受不了,2
加成,2
順便,2
下個,2
不知,2
圈粉,2
人連,2
首場,2
很爛,2
7651,2
阿布,2
成績,2
結合,2
那你,2
擇偶,2
總是,2
打混,2
清楚,2
自願,2
不太好,2
注意到,2
地理,2
香港,2
重複,2
和平,2
目的,2
長年,2
多慧粉,2
措施,2
領先,2
強了,2
香水,2
作出,2
晶片業,2
圍堵,2
不夠,2
強大,2
位新,2
心情,2
全員,2
傳言,2
不想,2
過林襄,2
姿勢,2
韓網,2
聲音,2
走音,2
學過,2
中有,2
嚇傻,2
歌唱,2
罰球,2
小學,2
侮辱,2
相遇,2
SBL,2
演戲,2
簽約,2
醜照,2
缺金,2
數字,2
嘴型,2
芷軒則,2
猶豫,2
紀念,2
選上,2
代表金,2
五行,2
乳提,2
貓就,2
心愛,2
臉書粉,2
火辣,2
國際碼,2
書豪,2
出手,2
班長,2
日韓,2
虎牙,2
悍將,2
嚴謹,2
放大鏡,2
送給,2
幾位,2
欽點,2
觀察家,2
再難,2
服為,2
檢視,2
富邦,2
舞團,2
有多惠,2
披上,2
看見,2
榮幸,2
歌詞,2
還多,2
一軍,2
有時候,2
跟曉帆,2
經營,2
受邀,2
摸魚,2
石垣島,2
冠上,2
魔法,2
身心,2
看著,2
好香,2
挽回,2
英文,2
櫻空桃,2
統一獅,2
曲曲,2
各大,2
滋味,2
舉起,2
論壇,2
過氣,2
還曾,2
為啥,2
下半身,2
天天,2
耐看,2
一見,2
不可以,2
搖頭,2
抖動,2
視角,2
不忍,2
白皙,2
還蠻,2
直視,2
加持,2
三小,2
人才,2
頭牌,2
空幹王,2
父權,2
阿斯,2
講話,2
長度,2
NewJeans,2
棒棒,2
林襄贏,2
追捧,2
演員,2
舞王,2
才藝,2
登板,2
風潮,2
林杯,2
熱心,2
破滅,2
幻想,2
採訪,2
但林襄,2
要好,2
氣氣,2
狀態,2
最旺,2
遭到,2
WIKI,2
鞋子,2
當初,2
倪暄,2
為主,2
羅北,2
狐狸,2
3486,2
金牌,2
鍵盤,2
GIRL,2
多位,2
賽季,2
延續,2
選號,2
堂堂,2
164,2
賣肉,2
羅志祥,2
一根,2
潛規則,2
這首,2
姊妹,2
一比,2
月子,2
蔡依林,2
結婚,2
嫁給,2
力度,2
天然,2
XD,2
同臉,2
粗壯,2
經典,2
日本人,2
taiwan,2
KBO,2
人物,2
不講,2
暖男,2
氣死,2
門檻,2
狂洗,2
講到,2
學弟制,2
還高,2
腹肌,2
危機,2
奔波,2
干擾,2
平衡,2
UPUP,2
精緻,2
追到,2
的還,2
S級,2
流行,2
君君,2
豪華,2
跳舞會,2
專心,2
禮物,2
大師兄,2
香煙,2
留下,2
西八,2
降低,2
清純,2
大學,2
百科,2
維基,2
我家,2
五顆,2
wbc,2
時光,2
電眼,2
獨立,2
盜壘王,2
起舞,2
珍食,2
OeO,2
太強,2
油叭呱,2
風頭,2
放心,2
遠遠,2
沮喪,2
姆咪,2
人生,2
脫掉,2
代班,2
真誠,2
普妹,2
搶票,2
415,2
田暐瑋,2
價碼,2
怎麼說,2
火花,2
多惠會,2
還沒來,2
眼淚,2
大牌,2
上門,2
適應,2
討論度,2
這天,2
資深,2
這句,2
強龍,2
不壓,2
劉彥,2
獨家,2
地頭蛇,2
教導,2
日媒,2
站出來,2
規劃,2
浪花,2
轉身,2
祝賀,2
PR99,2
心機,2
襄襄會,2
士氣,2
每月,2
韓妞,2
小贏,2
上網,2
襄粉,2
提醒,2
失望,2
不通,2
現金,2
高等,2
席捲,2
SOLO,2
社團,2
洗版,2
泫雅,2
blackpink,2
洗板,2
地去,2
面有,2
老闆,2
勇敢,2
整片,2
結論,2
晚餐,2
錯過,2
學士,2
質感,2
心疼,2
反對,2
例子,2
國小,2
歡樂,2
某種,2
來勢洶洶,2
趨勢,2
地球,2
明年,2
不出,2
幾秒,2
飛回,2
久留,2
幾點,2
換成,2
來回,2
下馬威,2
納悶,2
偶像,2
特色,2
笑話,2
測試,2
發一個,2
幹幹,2
百萬,2
蔡阿嘎,2
鎂光燈,2
摩擦,2
期間,2
跑來,2
對付,2
泡菜,2
超正,2
夢到,2
花瓶,2
露奶,2
滿貫砲,2
紅的,2
都給,2
低階,2
內褲,2
職務,2
瓜哥,2
正奶,2
培根,2
肚子,2
上學,2
超人,2
大集合,2
台灣隊,2
轉來,2
辭退,2
黑粉,2
走紅,2
繁體字,2
表特,2
懂不懂,2
失去,2
被問,2
岳母,2
難度,2
舞感,2
下次,2
說完,2
標記,2
跳出,2
錯誤,2
拜託,2
全北,2
汽車,2
足球,2
六十,2
休息,2
男女,2
白天,2
他媽的,2
攀升,2
奶大,2
被鎖,2
性質,2
聲明,2
抽煙,2
守得,2
還敢,2
一股,2
居高不下,2
將以,2
補強,2
改天,2
麻煩,2
LBJ,2
請假,2
連我,2
給我,2
成立,2
神奇,2
十足,2
鄭重,2
四射,2
始終,2
腳步,2
僵硬,2
擊敗,2
相見歡,2
廣場,2
加緊,2
like,2
MeowPtt,2
蘇士,2
我話,2
給出,2
姊姊,2
使用,2
進行,2
私人,2
害怕,2
固定,2
二月,2
同場,2
建立,2
抱怨,2
取得,2
友誼,2
優勢,2
距離,2
氣氛,2
新兵,2
氣息,2
眼裡,2
莫名,2
喜好,2
在乎,2
價值,2
獨特,2
一年,2
三大,2
長達,2
愛上,2
方法,2
當兵,2
使出,2
散發,2
幫助,2
有起色,2
分為,2
質疑,2
台當,2
學會,2
溫暖,2
舞曲,2
感受到,2
妨礙到,2
but,2
傳統,2
水土不服,2
讀書,2
委屈,2
學舞,2
內部,2
紅什麼,2
發廢文,2
寵兒,2
過頭,2
竟是,2
韓媒,2
襲捲,2
將是,2
找不到,2
空間,2
星際,2
為題,2
並將,2
漫威,2
理由,2
預告,2
迪士尼,2
跳法,2
猴痘,2
恐怖,2
一出,2
TVBS2,2
海放林,2
往返,2
得來,2
樓冠,2
點海放林,2
預期,2
不易,2
停止,2
新賽季,2
行程,2
宣佈,2
大戰,2
阿凡,2
皮克斯,2
小計,2
內衣,2
RakutenGirls,2
拒絕,2
名氣,2
03,2
ETTODAY,2
目不暇給,2
各界,2
醬子,2
王真,2
排名,2
吸引到,2
一度,2
1989,2
藝術,2
走位,2
才剛,2
人醜,2
人要,2
迎戰,2
一對,2
退隊,2
痛苦,2
搜尋,2
全裸,2
順利,2
男孩,2
成吉思汗,2
改編,2
誠意,2
對外,2
天前,2
帶動唱,2
一人,2
帥氣,2
外國,2
事件,2
不為過,2
練舞室,2
類似,2
應援曲,2
名曲,2
比起來,2
生存,2
爆發,2
solo,2
無聊,2
下身,2
win,2
向林婷,2
跳起來,2
朴騏,2
人會,2
主體,2
圖奇,2
引入,2
隔閡,2
抓住,2
合約,2
以下,2
思念,2
飛到,2
宮廟,2
普普,2
帶領,2
請來,2
神人,2
十年,2
贏的,2
脫穎而出,2
勾走,2
相對,2
實況主,2
很爽,2
已婚,2
名叫,2
有卦,2
這段,2
爆出,2
外來,2
說不定,2
掛否,2
RKG,2
再見,2
古代,2
念經,2
失蹤,2
方向,2
翻譯,2
234916,1
輪椅,1
勤樸,1
歌手,1
Apr,1
拉其,1
美式,1
會忍,1
Sun,1
稱號,1
文青,1
神曲,1
會紅,1
千多,1
Luxy,1
最萌,1
很慘,1
霸主,1
舞群,1
1aF1Z,1
台日,1
吐舌照,1
線上,1
媲美,1
說贏,1
臉還,1
翻身,1
乳搖配,1
KC,1
鬥士,1
推出,1
熱舞社,1
開出,1
作者,1
Girl,1
cjol,1
MV,1
乳搖組,1
反問,1
腰動,1
狂讚,1
關注度,1
還不夠,1
有差,1
銅牌,1
長久,1
明白,1
搖的,1
白加,1
身後一排,1
剛去,1
口碑,1
標配,1
之計,1
喇要,1
千多人,1
團才,1
PSY,1
樣板,1
讀音,1
伴舞,1
搭嘿,1
據了解,1
變得,1
憑著,1
功勞,1
豆花妹,1
獲獎,1
連幫,1
亮麗,1
包裝,1
部份,1
沒差,1
但長,1
醜吃草,1
找出,1
江南,1
臀部,1
例行,1
放慢,1
Red,1
戰舞,1
好人,1
跟不上,1
玻璃,1
男心裡,1
大炮,1
人正,1
抗衡,1
白話,1
來首,1
回歸,1
收斂,1
黑桃,1
連面,1
一首歌,1
彭淇昀,1
超普,1
開酸,1
就長,1
棒賽,1
上帝,1
遠來,1
歌中,1
逼真,1
正義感,1
因林襄,1
四五六局,1
孝男,1
貢品,1
大部,1
追問,1
分台,1
女們,1
滑水,1
時數,1
換作,1
力挺,1
投訴,1
曝光度,1
冷凍,1
近況,1
看一場,1
且看,1
外景,1
珍惜,1
新一代,1
乾眼症,1
惠惠,1
于美人,1
選邊,1
王姓,1
遭人,1
半局,1
連開,1
隨波逐流,1
唱得,1
五音不全,1
最香能,1
配飯,1
大礙,1
突兀,1
某一,1
指示,1
指地,1
小聲,1
那為,1
曲高和寡,1
多年,1
相識,1
金城武,1
玉琳,1
oo,1
跳六個,1
遇過,1
製作,1
該位,1
震驚,1
林彥君,1
小手,1
牽到,1
狒文洗,1
原住民,1
一時,1
日女,1
馮大,1
直斷,1
變少,1
最美小,1
訝異,1
高強度,1
超嫩,1
膚色,1
微帶,1
潮紅,1
閃亮,1
聯想起,1
超紅,1
BAD,1
車站,1
聯絡,1
地下街,1
國高中,1
美眉,1
人設,1
洗狒,1
靜宜,1
挺主能,1
女大生,1
騎士團,1
40,1
扯到,1
FB,1
中選,1
優勝,1
壓小,1
賭盤,1
撇開,1
傲視,1
卸妝,1
一經,1
分辨,1
太厚,1
粉擦,1
掩蓋,1
對照,1
國中,1
運動會,1
該用,1
限暖令,1
缺水,1
51,1
得準,1
庫環,1
實習,1
撫慰,1
轉向,1
做作,1
喜新厭舊,1
三十,1
下一個,1
發限動,1
早安,1
阿小魯,1
熊熊,1
照理,1
幾把,1
刷子,1
那小魯,1
誠實,1
小魯對,1
問問看,1
堅強,1
發一篇,1
凌晨,1
bug,1
刪掉,1
看雞,1
私藏,1
謙虛,1
心靈,1
朋朋,1
之光,1
延攬,1
之上,1
毛病,1
發達,1
打小,1
以練,1
邊嘏,1
為志,1
女舞者,1
找上,1
虐菜,1
主流,1
夠紅,1
熱點,1
台炸魚,1
韓將,1
最紅常,1
丟一個,1
再會,1
水湊,1
終究,1
骨子,1
選多慧,1
喊冤,1
引戰,1
成全,1
踏上,1
資質,1
眼尖,1
全班,1
自誇,1
標註,1
導師,1
指定,1
當小,1
老師,1
指揮,1
班上,1
旋律,1
唱到,1
台連,1
Lee14,1
掀背,1
音準,1
論戰,1
矯正,1
沒效,1
限動全,1
回韓,1
蘇敏禎,1
班際,1
離奇,1
Fub,1
女網友,1
Angels,1
Drag,1
Beauties,1
有小映,1
親民,1
Uni,1
有瑟七,1
yuki,1
傳授,1
小撇步,1
精進,1
聲浪,1
多慧要,1
陸續,1
不見了,1
亦即,1
有件,1
力氣,1
這三天,1
高台,1
女心裡,1
Dcard,1
領多少,1
有五支,1
胸器,1
襄好,1
插一個,1
撩人,1
正咩,1
幫林襄,1
義氣,1
這兩天,1
花費,1
點到,1
罕見,1
贈則,1
獨醒,1
送出,1
等同,1
一目了然,1
年來,1
計費,1
摀嘴,1
漂不漂亮,1
硬生生,1
對得起,1
氣場,1
這名,1
出話,1
好受,1
特效,1
擔當,1
絢麗,1
舌頭,1
很愛吐,1
特寫,1
解圍,1
半大,1
開幕賽,1
更慘,1
說不上,1
慧海,1
菁英,1
位腿,1
高鐵,1
票訂,1
房間,1
派少數,1
Wang,1
還沒買,1
老人,1
鬥志,1
預報,1
樂觀,1
排水,1
系列賽,1
激發,1
照樣,1
開賽,1
側錄,1
Knight,1
打點,1
外地,1
位會,1
帶點,1
Gidle,1
junior,1
金曲獎,1
人心,1
臉孔,1
天使,1
播出,1
萬斗內,1
林襄開,1
細微,1
打起來,1
穗珍,1
公道,1
更紅,1
穿同,1
這串,1
95,1
過的,1
韓版,1
看久,1
封殺,1
社死,1
85,1
分往,1
模組,1
塑料,1
落差,1
super,1
07,1
弧度,1
甩成,1
一款,1
襄常開,1
樣式,1
空檔,1
還很會,1
掌握,1
吐舌,1
道謝,1
功夫,1
先天,1
體質,1
大手筆,1
大吃一驚,1
中等,1
火什麼,1
TDB,1
有種,1
電假,1
全盛,1
換算成,1
別出,1
張嘴,1
蜜蜜,1
話連,1
控制,1
隔壁,1
各隊,1
十萬八千里,1
陪同,1
粉紅,1
蒸汽,1
正自帶,1
很瑟內,1
要給,1
抖抖,1
招搖,1
不多,1
廁所,1
這女,1
三步,1
滿場,1
主將,1
舞能,1
一梯,1
多正,1
轉播,1
打好,1
風光,1
我管,1
尊敬,1
長幼有序,1
妹正,1
好不容易,1
阿林,1
襄餒,1
飆汗,1
瞧瞧,1
做人,1
區的,1
破七,1
我帶,1
因舞,1
可卡,1
詞到,1
見林襄,1
舉動,1
萌翻,1
出國,1
壹蘋,1
lol,1
時尚,1
夢裡,1
1623,1
陳薇安,1
這季,1
之役,1
拔絲,1
地瓜,1
乳蹄,1
會去,1
萬眾矚目,1
感謝祭,1
相比,1
組間,1
搞王,1
碼頭,1
會虐,1
隼人,1
這連,1
健身操,1
老人家,1
門外漢,1
運動場,1
火熱,1
風見,1
猶如,1
YOUTUBE,1
之地,1
補習班,1
會話,1
歌曲,1
爆滿,1
忘我,1
境界,1
請給,1
比拼,1
混戰,1
還沒好,1
苦日子,1
打開,1
阿樂,1
味口,1
一隊,1
著簽,1
木棍,1
開大絕,1
基良,1
熱騰騰,1
人山人海,1
容貌,1
拜個,1
先來,1
舶來品,1
帶到,1
特邊,1
閃耀,1
堪稱,1
交椅,1
首推,1
亮眼,1
簽就來,1
輸是,1
惹過,1
助陣,1
風波,1
越南,1
徵召,1
簽去當,1
越女,1
虹安來,1
不收,1
精英,1
體力,1
臉盲,1
生病,1
更爛,1
殺進,1
人間,1
啊當,1
泡泡,1
電動,1
黑色帽,1
引人,1
下台,1
並祝,1
照常,1
每一寸,1
抓到,1
強項,1
人想,1
韓星,1
頓點,1
眨眼睛,1
嫵媚,1
很美,1
太帥,1
控管,1
好強,1
詹鎰睿,1
給你看,1
台媒,1
安在,1
美腿,1
wave,1
營造出,1
不忘,1
收錄,1
超少,1
人父,1
set2,1
當一個,1
甘願,1
不去當,1
但還,1
麗新,1
神木,1
2247,1
莉緒,1
栗山,1
由奈,1
小倉,1
時尚圈,1
跨足,1
味全龍隊,1
時裝,1
東京,1
報知,1
日系,1
狗狗,1
頻頻,1
還抱,1
氛圍,1
上片,1
吹林襄,1
穿得,1
舞跳,1
敬業,1
哥哥,1
效應,1
一攤,1
死水,1
飢渴,1
瞎話,1
睜眼,1
放進,1
整池,1
魚都活,1
老勒,1
能紅,1
狗票,1
更何況,1
好幹,1
紅是,1
天后,1
讚好,1
幹笑,1
邊的,1
新歌,1
力推,1
小姐,1
推播,1
腥羶色,1
連上,1
明後天,1
節拍,1
配角,1
一第,1
Cover,1
第二天,1
網紅才,1
強的,1
照相,1
素人,1
侵蝕,1
幾萬塊,1
旗艦機,1
多惠初,1
軍團,1
集結,1
這首歌,1
眼買,1
起死回生,1
多惠粉,1
敷衍,1
下單,1
奇葩,1
假球,1
屹立不搖,1
還差,1
曼尼,1
主軸,1
高考,1
女兒,1
混一堆,1
促成,1
暗指,1
模板,1
竄紅,1
遠道而來,1
當起,1
贏不了,1
背道而馳,1
火拳,1
走道,1
綽號,1
飛往,1
並向,1
待上,1
我付,1
黑多慧,1
招能,1
發啦,1
tag,1
同是,1
還去,1
派出,1
team,1
一連串,1
出擊,1
先排,1
Mita,1
新竹,1
疑似,1
高人一等,1
賽場,1
混得,1
生水,1
拉高,1
無數,1
還不賴,1
下方,1
策略,1
觀站,1
大發,1
趴想,1
哥去,1
遭批,1
939,1
打線,1
上升,1
多萬,1
太旺,1
爪爪,1
狠酸,1
我大,1
連三場,1
高潮,1
純熟,1
驟然,1
錯愕,1
游游,1
外人,1
親生,1
紅起來,1
分其,1
吃喝,1
包住,1
一整季,1
一整天,1
很臭,1
留台,1
丟掉,1
流傳,1
賽程,1
會賣,1
能不能,1
報警,1
李多會,1
公審,1
了當,1
一截,1
大聯盟,1
那其,1
換算,1
落在,1
層級,1
茶園,1
香還,1
高分,1
吧換,1
生態,1
高虹安回,1
還用問,1
版本,1
普說艷,1
普說,1
補完,1
咱多慧,1
連三天,1
強有,1
怯戰,1
跳太好,1
我怕,1
啥小,1
討好,1
獻殷勤,1
年薪,1
兩百萬,1
搶不到,1
妹比話,1
海放連,1
一敵,1
Nownews,1
My,1
跟上,1
Bag,1
換個,1
爆光,1
收看,1
沒事人,1
自大,1
週日,1
顏面,1
魔鏡,1
高調,1
藍色,1
阿財,1
鴿子,1
飛翔,1
大秀,1
劃一,1
拘束,1
強度,1
老少,1
火柴,1
再來,1
一縷,1
一小段,1
雨絲,1
帶上,1
筷子,1
123789,1
45,1
轉台,1
閣下,1
強那,1
SMF9360,1
搞頭,1
李郝慧,1
李狠慧,1
過就,1
拆台,1
一國,1
街頭,1
白人,1
美人魚,1
天黑,1
延續到,1
拍小,1
黎明,1
一條,1
條鋪,1
不住,1
灰色,1
按捺,1
小鎮,1
補償,1
偏中,1
公告,1
沒先開,1
跑出來,1
還為,1
詳盡,1
Mojimcom,1
講臉,1
av,1
大而,1
協調性,1
敢秀,1
主要,1
一島,1
說嘴,1
好油,1
跳豔舞,1
girls,1
想不到,1
人能,1
大輸,1
球評,1
抬面,1
誘惑,1
差別,1
懸殊,1
曼妙,1
臉台,1
強就,1
圈會,1
辦到,1
媚眼,1
沾光,1
跳邊,1
觀感,1
開示,1
鬼島,1
醜龍,1
能邊,1
低薪,1
憤世嫉俗,1
戰果,1
一輪,1
襄到,1
從林,1
不強,1
產品,1
如果說,1
棒球場地,1
那隊,1
連兩場,1
太少,1
打假,1
帶賽,1
嫉妒心,1
乾屋,1
業配,1
堆肥,1
報價,1
錯覺,1
很火,1
質量,1
不差,1
6x,1
拱錯,1
價還,1
Motorola,1
edge,1
fusi,1
太差,1
關鍵字,1
臉靠,1
蹦出,1
一份,1
黑女,1
他會,1
人吐槽,1
2324,1
大力,1
來得,1
金錢,1
好過,1
招妓,1
人紅,1
入隊,1
也膩,1
兩眼,1
積累,1
前去,1
答應,1
也就是說,1
時才,1
太騷,1
3D,1
最強洋,1
十五秒,1
十秒,1
估計,1
助人,1
繳械,1
極品,1
視頻,1
矛盾,1
熱的,1
日薪,1
回覆,1
筆誤,1
塑不塑,1
混血,1
很帥,1
連敗,1
聊聊,1
搶著,1
哥小,1
完再,1
三八,1
冰棒,1
爽阿刺,1
私底下,1
阿兩,1
這在,1
打錯,1
多慧會,1
涼涼,1
百轟,1
生到,1
五個,1
哪家,1
轟出,1
兩天,1
戰績,1
這週,1
生產,1
原諒,1
在線,1
晴天,1
零五分,1
眼熟,1
愛慧潮,1
宅宅,1
宮廷,1
劇本,1
大堆,1
搬上,1
襄林莎,1
但論,1
意料,1
班新,1
點擊率,1
很劣,1
有多爽,1
反骨,1
高於,1
欽佩,1
伴隨,1
甘心,1
用防,1
size,1
口紅,1
霸氣,1
乳提人,1
請出,1
培訓出來,1
打對台,1
守護,1
強勢,1
問過,1
好人卡,1
兩點,1
水餃,1
撐住,1
看個夠,1
能贏,1
穩輸,1
人選,1
觀念,1
民情,1
風土,1
林書豪,1
出產,1
執行,1
beef,1
襄發,1
最佳,1
還有林,1
懷抱,1
六人,1
下一位,1
來求,1
玩具店,1
回復,1
伸入,1
觸手,1
巧合,1
女郎,1
還沒見過,1
心裡會,1
死魚,1
油土伯,1
Pan,1
Piano,1
李多會會,1
顯得,1
OP,1
PK,1
踢踢,1
有人要,1
多慧想,1
大了點,1
佔上風,1
投給,1
一大截,1
阿桑,1
多美,1
菜市場,1
數一數二,1
PttX,1
發覺,1
幾個贏,1
展出,1
雕像,1
扭動,1
等身,1
彷彿,1
致命,1
鋼琴,1
推爆,1
有練過,1
猜猜,1
幾排,1
外面,1
同行,1
球有,1
走進,1
場內,1
聊到,1
則在,1
很勒,1
吃驚,1
過林,1
襄本尊,1
還沒太,1
會會,1
留一個,1
熱度,1
幾萬個,1
中之龍,1
四個,1
流行語,1
丈夫,1
自覺,1
部分還,1
貌美,1
強者,1
有待,1
MK5,1
再次,1
Cosbaby,1
見客,1
蝙蝠俠,1
付錢,1
達斯維德,1
黃蜂,1
蘇晟彥,1
高階,1
IP,1
數個,1
速接,1
雪白,1
DC,1
辣腿,1
花枝,1
蝙蝠車,1
亂顫,1
展示,1
藝術品,1
商品,1
博物館,1
代言人,1
A13,1
癱瘓,1
特有,1
好帥,1
搭配上,1
大叫,1
那林,1
精心,1
MK85,1
留多慧,1
主題區,1
每一位,1
站起來,1
手伸,1
拍攝,1
熊抱,1
九尾狐,1
罪名,1
魅惑,1
另有,1
不願,1
傷心,1
就夠,1
紛絲,1
購物,1
解約,1
水果,1
組一個,1
跳斗個,1
矚目,1
令人,1
的連,1
領錢,1
照妖鏡,1
設計出,1
幾篇,1
眼看,1
點半,1
整場,1
反射,1
太陽,1
還一堆,1
丟臉,1
眼鏡,1
我將,1
一百倍,1
萬八,1
看清楚,1
破一,1
跟林,1
Chu,1
鏡面,1
憔悴,1
綠海,1
回春,1
人逢,1
神化,1
就強,1
一味,1
舞是,1
喜事,1
精神,1
好爽,1
歪國,1
捧油,1
交通,1
事業線,1
亞軍,1
無意義,1
外套,1
自拍,1
內心,1
怎想,1
小妹妹,1
美貌,1
我瑞斗,1
SMG965F,1
鏡子,1
扭是,1
fire,1
整套,1
廢物,1
經理人,1
藍天,1
百大,1
前老闆,1
請教,1
PWC,1
脫下來,1
太熱,1
主力,1
香汗,1
淋漓,1
瀰漫,1
炫風,1
隊才,1
陌生,1
推手,1
表定,1
米糕,1
排泄,1
今林襄,1
實名制,1
下跌,1
斷崖式,1
國動,1
巨蛋,1
地下,1
拍龍,1
問什麼,1
事先,1
不給,1
靠近,1
梅衍儂,1
主播,1
圖其,1
背板,1
等待,1
庹宗康,1
收視率,1
藍心湄,1
陳美鳳,1
電視台,1
尋找,1
還出,1
體育台,1
戲稱,1
毒藥,1
味全,1
超商,1
54,1
沒落,1
不大想,1
0330,1
dance,1
highlight,1
個人秀,1
趴九成,1
淘汰,1
提前,1
土伯,1
泛政治,1
ex,1
聯合報,1
愛跟風,1
大亨堡,1
全家,1
挽救,1
侏儒,1
此類,1
人口,1
開搖能,1
改娶,1
現蹤,1
一聽,1
陸配,1
補助,1
橫掃,1
生三個,1
五時,1
176,1
算頂規,1
很強,1
小有,1
交不到,1
上一週,1
講白,1
強一個,1
不交,1
搶人,1
存款,1
175,1
買什麼,1
貸款,1
回推,1
價位,1
多慧下,1
壯壯,1
慧真,1
附有,1
台新,1
夢想家,1
隊服,1
當第二,1
封頂,1
名為,1
聯合,1
捧韓,1
遮羞布,1
接連,1
薪資,1
大嘴,1
反殺,1
而林襄,1
可見一斑,1
扯上,1
激起,1
接洽,1
仇視,1
民粹,1
一週,1
年底,1
高出,1
情趣,1
說個,1
貼乳貼,1
懂事,1
籌錢,1
醫藥費,1
各方,1
鋒頭,1
太盛,1
爆料,1
全能,1
高達,1
而來,1
萬是,1
某香,1
人稱,1
女版,1
壯烈,1
玩要,1
複製,1
而常,1
時事,1
送機,1
洗爽,1
十一人,1
閃電,1
三忍,1
打擊區,1
木葉,1
成仁,1
高舉,1
酸酸,1
李李仁,1
全放,1
彈嗎,1
波浪舞,1
看才,1
情何以堪,1
大賽,1
附設,1
一壘,1
側跳,1
幽默,1
小魯弟,1
起立,1
條街,1
39,1
賣臉,1
禮聘,1
230416,1
人迷,1
菜到,1
單指,1
魔法師,1
香噴噴,1
什麼珺珺,1
一覽無遺,1
XX,1
老年,1
雞蛋,1
賣奶,1
跨年,1
唱唱,1
剛上,1
跳跳,1
網站,1
一百,1
這片,1
封神,1
二三線,1
比下,1
光芒,1
二線,1
孝琳,1
不贏,1
粗估,1
還加,1
酸民,1
林宥辰,1
跑路,1
綠帽,1
某消,1
某息剛,1
精華,1
避免,1
吃個,1
本片,1
多會裝,1
哭哭,1
打哈欠,1
交到,1
襄兒,1
互吵,1
先吸,1
回饋,1
一口,1
壓驚,1
飲料,1
善事,1
有想過,1
老天,1
太扯了,1
天意,1
本肥入,1
初將,1
南韓籍,1
大難,1
人士,1
意願,1
一首,1
高到,1
連謎,1
7742,1
下午場,1
模仿,1
懂得,1
昨則,1
頂端,1
週末,1
休兵,1
該週,1
一扭,1
改成,1
愛的,1
下回,1
信不信,1
下雨,1
監視器,1
附近,1
陰陰,1
暗暗,1
她搖,1
襄紅到,1
日至,1
勤勞,1
電腦,1
進帳,1
兩週,1
著頭,1
人次,1
盲目,1
過會,1
亂扣,1
台灣籍,1
愛台,1
沒想,1
流程,1
87,1
比不贏,1
笑言,1
流行歌,1
跳出來,1
只花,1
次數,1
學得,1
豐富,1
ETtoday,1
破局,1
手算得,1
原生,1
說謊,1
懶覺,1
爛掉,1
加工,1
聽著,1
凌駕,1
演技,1
低配,1
捐幾百萬救,1
很棒,1
脫口秀,1
前男友,1
打炮,1
閨房,1
趣事,1
營養,1
還猛,1
紅色,1
賣台,1
反共,1
老梗,1
所知,1
阿滴,1
還比,1
艾莉,1
從下,1
慾望,1
接待,1
起勁,1
奶紅,1
Google,1
Pixel,1
6a,1
若要,1
三不,1
巨人,1
敢衝,1
顆顆,1
彎腰,1
羞笑,1
籃籃事,1
入鏡,1
前排,1
拿手機,1
公仔,1
視線,1
不禁,1
揮手,1
走開,1
家多慧,1
新進,1
妹七十二,1
勇士,1
安德烈,1
紀德,1
語錄,1
大老遠,1
多惠去,1
裡了,1
人手,1
千萬別,1
證據,1
插到,1
處理掉,1
放話,1
籃二度,1
地向籃,1
超香,1
咬人,1
留給,1
盡可能,1
淡妝,1
椅子,1
特哥,1
素顏,1
樣貌,1
理所當然,1
太紅才,1
一帖,1
開除,1
走會,1
日男,1
比手畫腳,1
小傑,1
瘋狗,1
福原,1
KingChang7,1
二度,1
錄完影,1
直奔,1
更要,1
04,1
潘慧,1
錄影,1
趕到,1
查某,1
衰尾,1
聯訪,1
Junhyung,1
怕生,1
枉費,1
李比,1
面無表情,1
全程,1
1985,1
27,1
37,1
Seoul,1
wink,1
配偶,1
Yuk,1
點上,1
臭肥,1
還裝大,1
自圓其說,1
爛嗎,1
走入,1
這支,1
了掛,1
什麼會,1
嗚嗚,1
生涯,1
養得起,1
敲出,1
板上,1
幾分掛,1
晶光,1
還沒和林,1
搖擺,1
她們倆,1
襄見,1
伴手禮,1
過面,1
想用,1
韓語,1
ZwJB1Cl4BA,1
事到,1
舌苔,1
藏污納垢,1
小魯,1
處辣,1
訣竅,1
忠誠,1
襄神,1
得知,1
這件,1
痛哭,1
安慰,1
閃閃,1
午安,1
問一個,1
開口,1
閉口,1
人體,1
荷爾蒙,1
哥丹利哥,1
死哥,1
維爾,1
RMX3363,1
多慧身,1
瀑布,1
林益全,1
3180,1
4903,1
牧羊犬,1
邊境,1
平權,1
那場,1
岩碎,1
人上,1
4802,1
流暢,1
套用,1
集團,1
編舞,1
班機,1
阿慧,1
白白淨淨,1
有用,1
保養品,1
沒用,1
多棒,1
發威,1
多惠氣,1
劇情,1
搬磚,1
工人,1
轟拳,1
人朵莉,1
練到,1
進擊,1
QQQQ,1
紅髮,1
想成,1
體位,1
緊身衣,1
理組,1
透明,1
酮體,1
腦內,1
神力女,1
空幹,1
金人,1
數萬,1
次用,1
看片,1
大數據,1
分析出,1
芒果,1
形狀,1
吊人,1
工具人,1
人衣,1
力量,1
糖豆,1
流水,1
獸魂,1
收割,1
工程師,1
羅傑,1
傳奇,1
科學,1
政二代,1
林俊傑,1
曾聖傑,1
小燕姐,1
美鳳姐,1
好運,1
富二代,1
二等,1
醫師,1
K7,1
減少,1
三等,1
UC,1
多慧姐,1
國歌,1
中華民國,1
奴工,1
勞工,1
蒼藍鴿,1
剩下,1
願景,1
佛朗明哥,1
點菸,1
SMA528B,1
端午節,1
自閉症,1
集是,1
昇龍拳,1
神拳,1
霸拳,1
華燈初上,1
拉一個,1
生不出,1
寒冰,1
保全,1
八點檔,1
夜班,1
還解,1
拍出,1
星路,1
中秋節,1
財路,1
解暈,1
秒解,1
業績,1
早是,1
常態,1
人前,1
周遭,1
虎視眈眈,1
水銀,1
聖誕節,1
萬聖節,1
Twitch,1
算起來,1
twitch,1
全韓,1
著名,1
鼓舞,1
出個,1
之術,1
終局,1
之戰,1
秘辛,1
運籌帷幄,1
艱難,1
韓火鷹,1
李河潤,1
雙邊,1
計劃,1
告吹,1
走向,1
日將,1
太高,1
聯繫到,1
大放異彩,1
指派,1
韓方,1
離鄉背井,1
異地,1
高度,1
問了,1
喜悅,1
轉述,1
最想,1
嚐嚐,1
道地,1
方案,1
版三個,1
吉祥物,1
球員版,1
翻找,1
皮夾,1
活路,1
暖台,1
男們,1
我暖市,1
簡稱,1
沒交過,1
必要,1
有出息,1
夠有,1
成就,1
魯蛇,1
前幾年,1
妹來,1
看出,1
有心,1
用語,1
妹對,1
幹林杯問,1
臭宅,1
更勝一籌,1
稱作,1
這篇文,1
發出來,1
國文,1
HTC,1
U3u,1
卡卡,1
相見,1
很長,1
磋商,1
擔憂,1
但場邊,1
做到,1
沒把林,1
襄放,1
剛吃,1
兩碗,1
滷肉飯,1
加肉,1
羹湯,1
台式,1
中元節,1
鋼管秀,1
範例,1
演示,1
那小計,1
口頭,1
計計,1
看版上,1
內多惠,1
人哈,1
VS,1
教育,1
658,1
訊息,1
匯五千塊給,1
若事成,1
上報,1
宇珊,1
尊親,1
戰力,1
兩極,1
保密,1
休息室,1
條款,1
最難,1
上百首,1
大小,1
備妥,1
通訊,1
聯繫,1
疑問,1
發問,1
短暫,1
積極,1
超乎,1
常人,1
喜愛,1
拭目以待,1
會幫,1
爭取,1
影響力,1
做好,1
找好,1
正港,1
韓式,1
餐廳,1
鄉愁,1
麻辣鍋,1
快速,1
買好,1
幾罐,1
海苔,1
手提包,1
拉開,1
完隊,1
當道,1
求卦,1
打破,1
冠軍,1
韓兩,1
邊看,1
太肉,1
塑膠,1
七竅生煙,1
善良,1
藍襄,1
藍惠,1
宿舍,1
餵食,1
情形,1
愈來愈,1
行行好,1
免得,1
便利店,1
湊熱鬧,1
看頭,1
帶有,1
新新聞,1
這有,1
跳完,1
大多數,1
晚場,1
長住,1
困惑,1
教板,1
煩耶,1
真是,1
嫉妒,1
秒殺,1
量級,1
神妹,1
事業,1
還成,1
afreecaTV,1
多家,1
出面,1
台灣女,1
穿少,1
乾爹,1
李在,1
能當,1
NO1,1
明軒,1
Sana,1
混分,1
齊力,1
抗外,1
周瑜,1
諸葛亮,1
生瑜,1
何生,1
既有,1
何有慧,1
雙標,1
逢韓,1
還把,1
捧成,1
輸好,1
場次,1
私下,1
帶壞,1
冠軍賽,1
米粉,1
頭當,1
孫子,1
打一獸,1
闖進,1
總冠軍賽,1
Kobe,1
DH,1
霍華德,1
勁敵,1
抉擇,1
出路,1
考量,1
牽線,1
點頭,1
大展,1
俱樂部,1
忌妒,1
攻擊,1
自以為是,1
不堪,1
種種,1
輿論,1
諸多,1
愛蹭,1
率先,1
開蹭,1
等不及,1
結帳,1
騎士,1
東區,1
紅招忌,1
09,1
幹嗎,1
撫摸,1
魚在,1
色誘,1
硬上,1
軍中,1
沒房,1
投胎,1
選項,1
天好,1
八掛,1
版的師,1
哥們,1
黑料,1
妹的掛,1
團結,1
高科技,1
嚇跑,1
無意,1
恢復,1
幾千塊,1
值得,1
女森當,1
扮過,1
女裝,1
早上,1
起床,1
名人堂,1
單換,1
回讓,1
於並,1
一面倒,1
那輩,1
成本,1
高且,1
遭害,1
核二廠,1
二號機,1
除役,1
供電,1
得力,1
助手,1
換來,1
穩定,1
仍會,1
這一步,1
不均,1
嚇人,1
經會,1
快活,1
說詞,1
抗議,1
哀傷,1
回不來,1
分手,1
四人,1
到時,1
有專,1
板本,1
萬能,1
問板,1
三則,1
嚴格,1
拼命,1
解決,1
納稅,1
買電花,1
核三廠,1
老家,1
哪一天,1
爆炸,1
媒用,1
煤炭,1
木材,1
生火,1
變差,1
遷強,1
推翻,1
危險,1
電量,1
往往,1
供需,1
勢必,1
調整,1
遊行到,1
福島,1
地震,1
外洩,1
偏激,1
改過,1
缺電,1
停電,1
台電,1
夏天,1
喊話,1
冷氣,1
禁止,1
板論,1
要記,1
前來,1
應猿,1
連霸,1
期勉,1
創下,1
數的,1
接下,1
繃緊,1
放過,1
荒廢,1
回鍋,1
士官長,1
扮勢,1
說道,1
盡職,1
扛起,1
東北,1
金鷲,1
下旬,1
紐約,1
大都會,1
盛會,1
完成,1
大滿貫,1
誇張,1
南半球,1
還漏,1
半顆,1
穿成,1
還用搖,1
小秀,1
不克,1
一百多首,1
最大團,1
那套,1
拿出來,1
越多人,1
數量,1
前身,1
Lamigirls,1
前天,1
認新,1
健康,1
新來,1
第二紅,1
血流成河,1
伊伊,1
潼巫,1
差胸,1
Da,1
Hye,1
最頂韓,1
推薦給,1
賈靜雯,1
高配,1
大錢,1
黃牛票,1
xd,1
月份,1
徵選,1
選入,1
其中還,1
日籍,1
每一場,1
爸媽,1
生下,1
這幾年,1
衝破,1
萬次,1
慘遭,1
應援隊,1
暗批,1
人來,1
妨礙,1
中旬,1
爭議,1
職棒圈,1
打得爛,1
強權,1
歐洲,1
打完,1
保住,1
不去,1
跟上來,1
本末倒置,1
辦一個,1
李贏,1
徹底,1
不對勁,1
新鮮感,1
高票,1
大會,1
others,1
杰哥,1
玩累,1
一字馬,1
刻意,1
前才,1
聚焦,1
剛進,1
日首,1
其來,1
動向,1
大眾,1
盼能,1
本季,1
成長,1
將會,1
輪流,1
關照,1
期盼,1
爭相,1
惡意,1
謠言,1
怒批,1
平息,1
紛爭,1
增添,1
襄少,1
揪出,1
關鍵,1
潘毅,1
154827,1
155014,1
網路圈,1
160,1
92,1
引出,1
大於,1
比不過,1
趕來,1
買房,1
登登,1
歌舞,1
印度籍,1
並用,1
曲風,1
雅婷,1
艱辛,1
包包,1
頭最,1
同等,1
SHE,1
FIR,1
唱跳,1
男團,1
算入,1
比美,1
Tw,1
Blackp,1
惜福,1
三上,1
悠亞波,1
原版,1
小弟家,1
裡是,1
深綠,1
老爸,1
老媽,1
土生土長,1
屏東人,1
搬來,1
台會,1
登登登,1
友會,1
重砲,1
羨慕,1
票價,1
破萬,1
Moptt,1
61,1
票數,1
支持度,1
打林襄,1
李知,1
李選,1
一個當,1
洗一堆,1
貶低,1
你還,1
巡演,1
奢侈品,1
井底之蛙,1
當之無愧,1
來者,1
炒太兇,1
膩了,1
專情,1
討生活,1
會講,1
愛聽,1
用林襄,1
蹦蹦跳跳,1
人多加,1
一號,1
幾百萬,1
巨大,1
走來走去,1
電競,1
規矩,1
襄會,1
SMS9060,1
棒壇,1
籃壇,1
有機,1
會同,1
台照,1
慣例,1
惡名昭彰,1
小惠,1
一擊,1
網購,1
網紅,1
人脈,1
改一個,1
贊助,1
搭上線,1
清掉,1
老兵,1
金額,1
多一個,1
本魯以,1
金庸,1
五絕,1
重新,1
洗牌,1
東邪,1
調皮,1
搗蛋,1
不良,1
不熟,1
李海放,1
賽揚,1
假掰,1
一邊,1
炒作,1
先上,1
威廉,1
講一堆,1
雙關,1
傻笑,1
初夜,1
還塞,1
Joeman,1
比基尼,1
run,1
台化,1
韓男,1
優質,1
大男人,1
西八對,1
敬語,1
飆罵,1
臉型,1
Yuri3,1
數比,1
平分秋色,1
旗鼓相當,1
T1,1
找百萬,1
網紅九面,1
棒球界,1
鬼靈精,1
黃蓉,1
西毒,1
穿環,1
賣騷,1
安全褲,1
一字馬抖,1
朱者,1
近墨者黑,1
補個,1
享用,1
同業,1
抨擊,1
只想當,1
簽到,1
來人,1
還沒到,1
幾百篇,1
聲望,1
副業,1
菇類,1
飯糰,1
兼職,1
很會生,1
媳婦,1
挫挫,1
銳氣,1
林襄會,1
贏在,1
配版,1
魚乾,1
比什麼,1
多惠到,1
小三,1
全身,1
反派,1
學壞,1
算什麼,1
掃地,1
佐佐木,1
串起,1
聲勢,1
頂峰,1
哥是,1
諱言,1
振奮,1
贅言,1
隆重,1
優先,1
時站,1
通道,1
試問,1
哥該,1
之中,1
第一眼,1
種下,1
種子,1
眾所周知,1
著仇韓,1
仇韓,1
仔會,1
抹黑,1
配好,1
幾碗,1
白飯,1
教壞,1
衝康,1
賭爛,1
哈佛,1
有勝,1
不敗,1
啤酒,1
今井,1
屬於,1
羅德隊,1
當過,1
LamiGirls,1
沒來,1
入台,1
遲遲,1
常駐,1
君山,1
耳聞,1
疙瘩,1
滿點,1
大部分,1
太愛跟,1
那到,1
頂天,1
完蛋,1
血洗,1
臉正,1
膚白,1
狂捧林,1
裡的賽,1
揚級,1
看辣個,1
達比修有,1
團練,1
有敗,1
說過,1
of,1
160317,1
震撼彈,1
YUKI,1
靠邊,1
破千,1
棒球版,1
自請,1
那林襄,1
大幅,1
下降,1
贏得,1
ETTODAY2,1
飛向,1
第八位,1
盛名,1
襲來,1
協商,1
正韓,1
自小,1
足球迷,1
洗禮,1
集訓,1
細胞,1
籌備,1
主及,1
參與,1
獅子座,1
給的,1
傳遞,1
見證,1
piece,1
cake,1
level,1
放眼,1
太低,1
嫌老,1
報什麼,1
韓國隊,1
本魯查,1
粉絲數,1
58,1
風評,1
憨厚,1
老實,1
89,1
凸後翹,1
腰細,1
骨盆,1
害得,1
韻律,1
難不倒,1
大媽,1
帶動跳,1
嗷嗷,1
今早,1
發了,1
團服,1
還想,1
趕緊,1
轉念,1
競爭力,1
340,1
地上,1
沒幾個,1
美醜,1
加棒,1
TIvDoUvrIbuuOA,1
熱將隊,1
訓兒,1
吭聲,1
領導,1
嘖嘖,1
Xiaomi,1
19DG,1
poYT,1
文字幕,1
拿下來,1
94,1
會來,1
頭條,1
AKB,1
星夢,1
Lisa,1
夢想,1
有力,1
但來,1
阿嘶,1
嘶林襄,1
退下,1
區用,1
6s,1
寄給,1
往上,1
顯腿長,1
互惠,1
心意,1
講出來,1
問法,1
僅是,1
一套,1
來臨,1
姐妹,1
舒適圈,1
不好,1
獵人,1
地板,1
台灣土,1
看一堆,1
講我襄,1
堆土,1
有機體,1
相性,1
I01WD,1
勾搭,1
代打,1
街亭,1
咖阿,1
巴拿馬,1
輸慘,1
才給,1
家林襄,1
紅嗎,1
想不通,1
緋聞,1
552,1
季芸,1
楊淨,1
隊球員,1
春訓,1
燦爛,1
指著,1
吐出,1
手拿著,1
遠方,1
玩耍,1
勇氣,1
表白,1
默默,1
保護,1
那年,1
一束,1
玫瑰花,1
一封,1
情書,1
畢業典禮,1
當他,1
半年多,1
雷劈,1
呼吸,1
強裝,1
人群,1
結局,1
過林婷,1
再愛過,1
填滿,1
空虛,1
而林婷,1
悲哀,1
猶豫不決,1
祝原,1
OR,1
療傷,1
開頭,1
邁入,1
第十年,1
三位,1
套餐,1
台妹,1
他隊,1
群起,1
仿效,1
要花,1
toyz,1
模式,1
騙到,1
擂台,1
狠狠,1
KO,1
事後再,1
尊師重道,1
電商,1
銷量,1
自耕農,1
戶頭,1
用不完,1
十萬元,1
or,1
套路,1
叔繞,1
過嗎,1
聯賽,1
拓展,1
案例,1
胸大,1
小崽子,1
脫髮,1
辣妹,1
華堡,1
臨場,1
處女,1
考驗,1
老得,1
技高一籌,1
共有,1
五位,1
十分,1
難忘,1
滿貫,1
全壘打,1
深刻,1
打出去,1
流下來,1
每一年,1
九月,1
留下來,1
子虛,1
烏有,1
展開,1
站上,1
獲邀,1
腰力,1
肌耐力,1
過跳,1
兒童台,1
抖奶,1
這下,1
補血,1
某襄,1
三十歲,1
鄰居,1
叫做,1
end,1
時代,1
俗稱,1
定於,1
諧音,1
一死,1
暗示,1
末日,1
黯然,1
會發,1
眾人皆知,1
兒童,1
排舞,1
天壤之別,1
難免,1
大絕,1
東踏取,1
蜜本肥,1
玻璃心,1
會碎,1
滿地,1
韓舞,1
入境,1
隨俗,1
氣到,1
左轉,1
首位,1
社交,1
囉嗦,1
很怪,1
正面,1
學弟,1
古早,1
很忙,1
會選,1
驚為天人,1
感五顆,1
餘裕,1
享受,1
終極,1
有史以來,1
嫁到,1
跟班,1
來場,1
變高,1
跟得上,1
小奶,1
好康,1
那會,1
哪牌,1
順有,1
心結,1
人還,1
沒到,1
擺架子,1
按個,1
現任,1
強國,1
派來,1
襄民們,1
賀母鶴,1
惠粉,1
爆棚,1
選一個當,1
問得,1
信任,1
陰霾,1
給你,1
私生活,1
騷擾,1
強迫,1
正向,1
期許,1
才華,1
氣餒,1
放棄,1
行動,1
適當,1
潛力,1
人並,1
試著,1
轉移,1
注意力,1
情緒,1
多花,1
擅長,1
逃避,1
壓抑,1
難以,1
承受,1
尋求,1
無助,1
克服,1
治癒,1
聆聽,1
早日,1
走出,1
確切,1
溪頭,1
好感,1
農場,1
驚訝,1
先問,1
同意,1
準時,1
到達,1
紳士,1
體貼,1
糾纏,1
約會,1
去處,1
大安,1
森林,1
公園,1
杜鵑花季,1
大耳,1
裝置,1
淡水,1
老街,1
觀賞,1
河景,1
貓空,1
乘坐,1
纜車,1
眺望,1
台北市,1
中部,1
美麗,1
日月潭,1
清境,1
若去,1
入場,1
news,1
扭到,1
歡快,1
影音,1
開一波,1
幾批,1
不要臉,1
說錯,1
再帶,1
柯粉,1
寸草不生,1
翻車,1
理五毛,1
藍白粉,1
到期,1
墊腳,1
戰成,1
牛排,1
一絲,1
不妙,1
咱灣灣,1
西岸,1
尿性,1
坦白,1
張照,1
路上,1
發言人,1
徐千,1
每份,1
提撥,1
一部分,1
養護,1
充滿,1
台下,1
乾笑,1
美多,1
日一張,1
許宥孺,1
一連,1
日先,1
搭機,1
合體,1
大忌,1
不合,1
常理,1
那句,1
懷疑,1
視力,1
話當,1
前奏,1
李到,1
這才,1
主題,1
得益,1
站台,1
愛這味,1
安學,1
珍版,1
一條龍,1
搞起來,1
主持人,1
cue,1
問說,1
某人,1
提示,1
費用,1
樹果,1
理論,1
遺漏,1
虛驚一場,1
圓滿,1
落幕,1
照一,1
引來,1
迷人,1
太美,1
最美,1
襄超,1
被評,1
發佈,1
日時,1
嘉賓,1
一面,1
該部,1
口感,1
好怪,1
腦洞,1
烏托邦,1
人當,1
要選,1
麵線,1
還啥,1
再不然,1
血糕,1
部分,1
帶去,1
一通,1
阿剛,1
環節,1
焦慮,1
正當,1
文中,1
不應該,1
洋投,1
德保拉,1
明星賽,1
偷看,1
的當,1
那德,1
保拉,1
林孟蓉,1
搶鋒頭,1
網暈,1
並不,1
在意,1
一票,1
戀愛,1
一頭,1
長髮,1
梳成,1
鎖骨,1
歪頭,1
甜甜,1
一雙,1
桃花,1
彎月狀,1
度破表,1
臉頰,1
超萌,1
模樣,1
擄獲,1
回差,1
許凱彰,1
Ettoday2,1
靜態,1
狄鶯,1
身影,1
專頁,1
本周,1
她將,1
141516,1
日連三天,1
雅涵,1
襄林襄,1
沒林襄,1
NOWnews,1
莉奈,1
天在,1
棉褲,1
辣秀,1
雙手,1
手指,1
湧入,1
很慧,1
決心,1
貼心,1
應援團,1
傻子,1
一腳,1
踏進,1
綜藝圈,1
六千,1
老嫗,1
飢餓,1
無感,1
反駁,1
校園,1
慘無人道,1
擴編,1
帶頭,1
統計,1
韓粉,1
塔綠班,1
黑死,1
村八分,1
S1,1
麻豆,1
SWAG,1
默哀,1
省油,1
SETN2,1
許智超,1
喊林襄,1
臉龐,1
超群,1
吐槽,1
出新,1
灰黑色,1
還大,1
讚嘆,1
長褲,1
截太醜,1
怎差,1
林襄林,1
高虹安後回,1
推像,1
講高虹安,1
助理,1
爽接,1
那多慧,1
阿勇,1
外加,1
綁起,1
pk,1
求學,1
在一起,1
牽手,1
上廁所,1
殺人,1
誅心,1
陰影,1
謠傳,1
哈囉,1
誤要,1
打去,1
短裙,1
旋轉,1
跳躍,1
露屁,1
台前,1
819,1
情報,1
三隊,1
日職,1
各地,1
虹安扭,1
自帶,1
飛來,1
方便,1
小群,1
惡男,1
正直,1
尾牙,1
不散,1
講了,1
踏板,1
踏過,1
你問,1
會辦,1
儀式,1
WCMdXd9uwqnMQ,1
nownews2,1
珍奶,1
定裝,1
一斑,1
行銷部,1
元凱,1
接到,1
數十,1
洽詢,1
商業,1
談定,1
商案,1
前瞻性,1
中式,1
料理,1
來者不拒,1
情有獨鍾,1
更將,1
日要,1
見面會,1
沒講,1
惡補,1
水洗,1
鐵盤,1
手手,1
關卡,1
立判,1
光環,1
沒撐,1
大奶,1
乳量,1
舞后,1
腰奶,1
核心,1
協調,1
天份,1
上會,1
多惠醬,1
擠奶,1
重訓,1
一分鐘,1
烙賽,1
坐掉,1
幾顆,1
主委,1
韓國版,1
Woman,1
Fighter,1
鍛鍊出,1
猜多慧,1
護膝,1
暗黑,1
新有,1
橋本,1
夢幻,1
共演,1
高下,1
本魯滑,1
他長,1
男神,1
ETToday2,1
凱力,1
高虹安別,1
尊高虹安,1
戰說,1
以待,1
頁面,1
逆風,1
則未,1
本尊,1
安大,1
還跟,1
隨行,1
秘書,1
優秀,1
高虹安四,1
兩撥,1
千金,1
看待,1
強力,1
SNS,1
圈外,1
漢拏,1
167216,1
1997,1
169372,1
快裂,1
耳朵,1
沛嘉,1
發洩,1
半小時,1
九篇,1
3480,1
優厚,1
確認,1
之行,1
77,1
國碼,1
宣傳,1
兼任,1
誤會,1
會為,1
妹仔,1
取勝,1
苗條,1
這點,1
吃完,1
原地,1
嚇爛,1
下蛋,1
圖案,1
好壞,1
口號,1
難倒,1
準備好,1
衛生紙,1
怎辦,1
顆吧,1
有多慧,1
吸引人,1
前妻,1
看中,1
承諾,1
日薪約,1
四篇,1
年資,1
電翻台,1
下一票,1
面試,1
會什麼,1
面式,1
官什麼,1
李好,1
先看,1
那段,1
造型,1
小鹿,1
多會搖,1
士林,1
香腸,1
幾口,1
吃光光,1
台視,1
殷名慧,1
爆增,1
錢來,1
CPBL,1
將初,1
工資,1
中央日報,1
拜訪,1
並稱,1
李河,1
取消,1
信心,1
閉著,1
吃香,1
強壓,1
提早,1
vs,1
多慧多慧,1
九人,1
有場,1
觀察到,1
再加,1
陳伊,1
麻吉,1
加山,1
破除,1
不演,1
細細,1
體能,1
靈敏,1
飄洋過海,1
易慧慈,1
受封,1
火腿隊,1
FIGHTERS,1
旺到,1
跨國,1
著想,1
集英社,1
line,1
並在,1
該文,1
日本隊,1
認可,1
黑林襄,1
效忠,1
共九位,1
真反,1
語芯,1
髒髒,1
笑嘻嘻,1
心裡苦,1
沒比,1
接受度,1
雞爪,1
雞冠,1
雞懶,1
鴨血,1
豬血,1
米血,1
下水,1
豬心,1
上述,1
邪魔,1
歪道,1
有九成,1
想吐,1
好吃,1
硬要,1
奇奇怪怪,1
主推,1
公認,1
報林襄,1
有演,1
原四,1
服新來,1
Boss,1
統整,1
洗洗,1
無誤,1
想好,1
假惺惺,1
捍衛,1
道理,1
譴責,1
言詞,1
行為,1
摘下,1
偽善,1
面具,1
王浩宇,1
噁心,1
跟虹安長,1
認定,1
虹安粉,1
先往,1
虹安臉,1
貼金,1
高虹安有,1
姊弟,1
用大菊,1
為重,1
嘲笑,1
開脫,1
硬拗成,1
陳菊,1
連臉,1
無恥,1
糊口,1
很正,1
沒空,1
發聲,1
這群,1
雅量,1
莫名其妙,1
一百個,1
一百種,1
某安有,1
某優,1
之內,1
卡英,1
沒比林,1
襄優,1
戴上,1
蜜大腿,1
褲子,1
服務,1
搭上,1
不香,1
高虹安撞,1
專有,1
李鴻典,1
指撞,1
先是,1
側翼,1
綠營,1
訕笑,1
謾罵,1
言語,1
延伸,1
循環,1
從頭到尾,1
一件,1
一句,1
討論區,1
還最紅,1
閃人,1
領軍,1
合體照,1
對象,1
擺出,1
貼身,1
眼見,1
升為,1
轉正,1
足以,1
交情,1
風範,1
粉紅色,1
太甜,1
襄和芷霖,1
大正妹,1
到齊,1
幾場,1
開幕戰,1
尚未,1
現今,1
ok,1
嘎琳,1
舞宋,1
宋筠,1
熹儷軒,1
張語,1
卉妮,1
伊林,1
穎樂,1
熊霓,1
心韻雅涵,1
豈料,1
同框,1
威脅,1
問及,1
1ZspEh8d,1
中肯,1
k72,1
02,1
caseywvt,1
瘦版,1
godofaluba,1
演鬼片,1
theskyofblue,1
it,1
shit,1
詭異,1
裂嘴,1
Csy065,1
orange90897,1
嬸色,1
Yuta659,1
開圖,1
qazqaz69,1
Morning5566,1
佳播,1
162,1
搶拍,1
一舉一動,1
日曬,1
龍女,1
躍上,1
直線,1
韓國籍,1
慧慧若潼,1
凱莉絲,1
縈曲曲,1
看下來,1
衝突區,1
主導,1
先進,1
晶片,1
產業,1
總結,1
親美,1
被迫,1
買大量,1
防禦,1
設備,1
掏空,1
親中,1
北約,1
歐盟,1
為敵,1
中心點,1
哪一個,1
方針,1
55,1
230331,1
陳柏廷,1
主席,1
31,1
北京,1
會見,1
來華,1
安華,1
Anwar,1
慘的,1
轟爛,1
上層,1
會先,1
下層,1
熱區,1
炒出,1
獻上,1
祝褔,1
更別,1
一提,1
資格,1
憤恨,1
不平,1
霸道,1
之處,1
不難,1
科技,1
採取,1
亞利桑那州,1
台積,1
逼迫,1
上交,1
營業,1
秘密,1
扶持,1
惠台,1
下場,1
還慘,1
被當,1
防線,1
中美,1
終須,1
擠下,1
毛遂自薦,1
不一定,1
一模模,1
阿Q,1
棒球賽,1
衝到,1
罵東,1
踏取,1
性侵,1
大國,1
不性,1
招待,1
沒辦法,1
出頭,1
女王,1
資歷,1
情境,1
加班,1
案子,1
忙完,1
口角,1
youtube,1
跑出,1
點一個,1
有料,1
躍動,1
屁股蛋,1
有勁,1
上下班,1
鐘情,1
心有,1
靈犀,1
好想贏,1
柯韓習,1
脖子,1
817,1
發出,1
雀躍,1
過動,1
傾向,1
咱襄,1
沈穩,1
竟選,1
這號,1
全新,1
RAEDY,1
心儀,1
揭曉,1
只會用,1
514,1
網民,1
搖是,1
張晏,1
每位,1
菡儷軒,1
打先,1
九位,1
軒則,1
直率,1
日到,1
未到,1
香菜,1
河北,1
菊姐,1
正黑,1
化妝,1
怪怪,1
效果,1
餐盒,1
超佛,1
花多少,1
這顆,1
縫隙,1
保守,1
晚不晚,1
睡不著覺,1
有緣人,1
友們,1
一夜,1
好眠,1
網誌,1
好讀,1
定期,1
露點,1
CRUSH,1
ZIA,1
尺度,1
小紅,1
短褲,1
幾腰,1
圖片,1
單調,1
比差,1
名額,1
內定,1
東非,1
更強,1
提振,1
一顆,1
相像,1
高中生,1
缺蛋,1
去區,1
城市,1
試用品,1
世足,1
太猛,1
版友,1
支援,1
偏大,1
露出來,1
分數,1
上衝,1
對立,1
北韓,1
升學,1
制度,1
變態,1
補習,1
只求,1
頂大,1
生育率,1
生殖器,1
國產車,1
納智捷,1
總統,1
卸任,1
坐牢,1
三星,1
迷信,1
邪教,1
Ibrahim,1
央視,1
指出,1
BY2,1
沒整,1
XDD,1
厚到,1
中尻洗,1
久病,1
良醫,1
所學,1
揭穿,1
假面,1
笑果,1
看來看去,1
腰身,1
台還,1
襄贏,1
施怡,1
竟撞,1
出道曲,1
傻眼,1
這高虹安,1
傳到,1
短手,1
短腳,1
粗短,1
穿厚,1
乍看,1
視感,1
自稱,1
女中,1
90,1
做豬,1
了豬,1
一等一,1
手推,1
點讚,1
動心,1
哪尊,1
大佛,1
QA,1
每周,1
排得,1
密集,1
從養,1
警告,1
何一,1
這座,1
報銷,1
大傷,1
死定,1
TMD,1
哪次,1
莎賓娜,1
也紅,1
一陣子,1
豪剛,1
二弟,1
特攻,1
一半,1
毛巾,1
丟到,1
泡完,1
溫泉,1
給林襄,1
臉真多,1
NowNews2,1
肉色,1
meme,1
依然,1
該名,1
部落客,1
艷陽,1
之際,1
按下,1
快門,1
以致於,1
拍成,1
NG,1
高虹安告,1
不告,1
濾鏡,1
傷害性,1
性極強,1
擦出,1
理性,1
特定,1
族群,1
障礙,1
名詞,1
SMG955F,1
樂天隊,1
卡位,1
威猛,1
俗話說,1
天生,1
飛來飛去,1
跳個,1
在即,1
台灣迷,1
癡漢,1
遭傳論,1
小學妹,1
香香,1
土地,1
Jizz,1
in,1
paints,1
華視,1
陳堯,1
知學,1
驚呼,1
上大,1
前朝,1
好不好,1
勝選,1
感言,1
時還,1
還真,1
仔細,1
細長,1
雙眼,1
修長,1
笑稱,1
75,1
眉毛,1
瞇瞇,1
這回事,1
T恤,1
現主時,1
的掛,1
萬多,1
藏不住,1
源遠流長,1
友好,1
安全,1
探索,1
本國,1
國情,1
道路,1
表明,1
不移,1
中國式,1
現代化,1
將為,1
機遇,1
高品質,1
共建,1
一帶,1
專案,1
培育,1
數位,1
綠色,1
增長,1
探討,1
開展,1
民生,1
惠及,1
還稱,1
同屬,1
全球化,1
弘揚,1
合力,1
家園,1
主權,1
世代,1
伊斯蘭,1
鞏固,1
前列,1
建交,1
建中,1
命運,1
共同體,1
達成,1
共識,1
開啟,1
篇章,1
統籌,1
好下,1
推動,1
行穩致遠,1
繁榮,1
注入,1
動力,1
執政,1
理念,1
昌明,1
大馬,1
部門,1
立法,1
機構,1
治國,1
理政,1
坦誠,1
互信,1
互利,1
關切,1
中華,1
公平,1
奶包,1
合得來,1
蠢蠢欲動,1
193,1
65,1
美金,1
長子,1
生五個,1
情侶,1
整理,1
國籍,1
排第,1
很大什麼,1
破關,1
玩家,1
跑到,1
新手,1
韓風,1
電子報,1
分類,1
胸部,1
大顯,1
腰瘦,1
水蛇,1
緊緊,1
呼之欲出,1
沒洩,1
春光,1
勝利,1
多張,1
成套,1
沉穩,1
顧家,1
正義,1
要會,1
完善,1
治理,1
59,1
5538,1
0402,1
1512,1
台粉,1
幾張,1
4Title,1
Debut,1
新片,1
大膽,1
要五個,1
從何,1
不紅,1
六福村,1
取而代之,1
郭雪芙,1
聲量,1
最老,1
自由,1
想生,1
並於下,1
婚姻,1
計畫,1
逐一,1
回答,1
列出,1
三點,1
著家裡,1
